{
  "Component-preload.js": 1700457708767,
  "model/models.js": 1700457085434,
  "manifest.json": 1700457708624,
  "controller/View3.controller.js": 1700457085434,
  "controller/View2.controller.js": 1700457085434,
  "controller/View1.controller.js": 1700457085434,
  "controller/App.controller.js": 1700457085434,
  "Component.js": 1700457085434,
  "i18n/i18n.properties": 1700457085434,
  "controller/View3-dbg.controller.js": 1700457085434,
  "model/models-dbg.js": 1700457085434,
  "controller/View2-dbg.controller.js": 1700457085434,
  "controller/View1-dbg.controller.js": 1700457085434,
  "controller/App-dbg.controller.js": 1700457085434,
  "Component-dbg.js": 1700457085434,
  "view/fragment/CustomerDetail.fragment.xml": 1700457085434,
  "view/View3.view.xml": 1700457085434,
  "view/View2.view.xml": 1700457085434,
  "view/View1.view.xml": 1700457085434,
  "view/App.view.xml": 1700457085434,
  "css/style.css": 1700457085434,
  "index.html": 1700457085434
}