{
  "model/models-dbg.js": 1700554730042,
  "model/models.js": 1700554730042,
  "manifest.json": 1700561774230,
  "controller/View4.controller.js": 1700554730042,
  "controller/View3.controller.js": 1700554730042,
  "controller/View2.controller.js": 1700554730042,
  "controller/View1.controller.js": 1700554730042,
  "controller/App.controller.js": 1700554730042,
  "Component.js": 1700554730042,
  "Component-preload.js": 1700561774638,
  "Component-dbg.js": 1700554730042,
  "controller/View4-dbg.controller.js": 1700554730042,
  "controller/View3-dbg.controller.js": 1700554730042,
  "controller/View2-dbg.controller.js": 1700554730042,
  "controller/View1-dbg.controller.js": 1700554730042,
  "controller/App-dbg.controller.js": 1700554730042,
  "i18n/i18n.properties": 1700554730042,
  "view/fragment/CustomerDetail.fragment.xml": 1700554730042,
  "view/View4.view.xml": 1700554730042,
  "view/View3.view.xml": 1700554730042,
  "view/View2.view.xml": 1700554730042,
  "view/View1.view.xml": 1700554730042,
  "view/App.view.xml": 1700554730042,
  "css/style.css": 1700554730042,
  "index.html": 1700554730042
}